Feature,Importance
AverageOrderValue,0.2959343994148883
PurchaseGap,0.197925815188054
CustomerTenure,0.19585591964697902
RetentionAge,0.15607816759687196
DaysSinceLastPurchase,0.15420569815320673
