Model,Trials,BestScore,AverageExecutionTime,MinScore,MaxScore
Random Forest,5,0.5002285234962482,3.069359540939331,0.47773455248378155,0.5002285234962482
Extra Trees,5,0.49095073839974407,1.7556992053985596,0.4830669466303538,0.49095073839974407
Gradient Boosting,5,0.4925780945442032,7.031985855102539,0.477964151384718,0.4925780945442032
XGBoost,5,0.49211862789115834,3.5305055141448975,0.47820289122550436,0.49211862789115834
