ABCClass,XYZClass,ItemCount,TotalRevenue,StockValue
A,Y,1,137684.96,16860.13826169107
B,Z,2,82671.12999999999,18062.415513293905
C,Z,2,19391.36,3189.83521351902
