Segment,Customers,Revenue,Orders,Profit,AverageCLV,RepeatRate,RetentionRate,AverageBasketValue,ContributionPercent,ProfitMarginPercent
Loyal Customers,4307,7720558.744,18645,2316167.09,1971.8171186440677,0.6705,0.6705,414.0819921694824,87.75,30.0
Champions,5,1077675.0,568,323302.5,237088.498,1.0,1.0,1897.3151408450703,12.25,30.0
