feature,p_value,threshold,drifted
Quantity,0.01038211436889767,0.1,1
UnitPrice,0.0075763440314684325,0.1,1
TotalSales,0.017136539115910062,0.1,1
Revenue,0.017136539115910062,0.1,1
Profit,0.01713901360865846,0.1,1
CustomerTenure,0.3603752298753527,0.1,0
CustomerFrequency,0.16515729889038486,0.1,0
DaysSinceLastPurchase,3.025609482183403,0.1,0
CLV,0.06231176022166409,0.1,1
AverageBasketValue,0.021177916322287375,0.1,1
Country,0.04600053614498827,0.1,1
ProductCategory,0.02162025325289019,0.1,1
